{"stall_constant_memory_dependency": [1.14e-06, 0.7342238600000001], "gst_efficiency": [0.0, 1.0], "inst_fp_64": [0.0, 535650410.0], "local_store_transactions": [0.0, 12350105.0], "stall_not_selected": [0.0, 0.16437377000000003], "global_hit_rate": [0.0, 0.8694280999999999], "stall_exec_dependency": [0.00830538, 0.88702274], "shared_store_transactions": [0.0, 23972099.0], "branch_efficiency": [0.7297148, 1.0], "warp_nonpred_execution_efficiency": [0.031249970000000002, 1.0], "inst_bit_convert": [0.0, 283901952.0], "gst_throughput": [0.0, 487.55575], "special_fu_utilization": [0.0, 0.30000000000000004], "issue_slot_utilization": [0.00218531, 0.8002280700000001], "shared_efficiency": [0.0, 1.8], "shared_load_transactions": [0.0, 27217920.0], "stall_memory_throttle": [0.0, 0.35022355], "flop_count_hp_fma": [0.0, 0.0], "shared_store_throughput": [0.0, 2469.299361], "inst_executed": [8.0, 4519505436.0], "achieved_occupancy": [0.015602, 0.98597], "stall_inst_fetch": [0.0006192000000000001, 0.68004944], "dram_read_transactions": [0.0, 11814974.0], "dram_write_transactions": [0.0, 8486164.0], "stall_sync": [0.0, 0.88118708], "gld_transactions_per_request": [0.0, 32.0], "single_precision_fu_utilization": [0.1, 0.8], "gst_requested_throughput": [0.0, 386.564992], "sysmem_write_utilization": [0.1, 0.2], "half_precision_fu_utilization": [0.0, 0.0], "inst_fp_16": [0.0, 0.0], "flop_count_dp_mul": [0.0, 66591523.0], "l2_tex_read_throughput": [0.0, 694.581307], "double_precision_fu_utilization": [0.0, 1.0], "inst_integer": [0.0, 211355662745.0], "inst_issued": [10.0, 4491434757.0], "ecc_transactions": [0.0, 0.0], "cf_fu_utilization": [0.1, 0.30000000000000004], "l2_tex_read_hit_rate": [0.0, 1.1075505], "local_store_transactions_per_request": [0.0, 8.0], "sysmem_read_throughput": [0.0, 0.0], "local_load_transactions_per_request": [0.0, 16.0], "flop_count_dp": [0.0, 939702716.0], "inst_per_warp": [2.0, 32235074.0], "issued_ipc": [0.008741, 3.389117], "gld_transactions": [0.0, 5738556322.0], "shared_load_throughput": [0.0, 5216.364749], "flop_count_hp": [0.0, 0.0], "ldst_executed": [0.0, 1395249310.0], "dram_utilization": [0.0, 0.9], "shared_utilization": [0.0, 0.9], "flop_count_dp_add": [0.0, 94379405.0], "cf_issued": [1.0, 1380367395.0], "l2_atomic_throughput": [0.0, 160.851516], "dram_read_throughput": [0.0, 333.226286], "flop_count_sp_mul": [0.0, 2170537984.0], "ldst_issued": [0.0, 5444269381.0], "flop_count_sp_add": [0.0, 1088716800.0], "eligible_warps_per_cycle": [0.008741, 8.993029], "warp_execution_efficiency": [0.03125, 1.0], "issue_slots": [10.0, 4437483983.0], "cf_executed": [1.0, 1380367395.0], "ldst_fu_utilization": [0.0, 0.5], "inst_misc": [3.0, 26136146370.0], "gld_requested_throughput": [0.0, 449.095853], "flop_count_sp_special": [0.0, 56186056.0], "l2_tex_read_transactions": [0.0, 1630765636.0], "flop_hp_efficiency": [0.0, 0.0], "sysmem_write_throughput": [0.0, 0.07152557400000001], "l2_atomic_transactions": [0.0, 191384.0], "sysmem_read_transactions": [0.0, 0.0], "gst_transactions_per_request": [0.0, 32.0], "inst_control": [1.0, 87023742944.0], "tex_cache_transactions": [0.0, 5610111140.0], "tex_utilization": [0.0, 0.9], "l2_read_throughput": [0.0, 694.696791], "flop_sp_efficiency": [0.0, 0.3307467], "gst_transactions": [0.0, 56802630.0], "local_load_transactions": [0.0, 12063232.0], "local_store_throughput": [0.0, 617.962331], "gld_throughput": [0.0, 873.348676], "flop_count_dp_fma": [0.0, 404701375.0], "flop_count_hp_mul": [0.0, 0.0], "stall_other": [0.00014704, 0.57040284], "stall_texture": [0.0, 0.36168542000000004], "stall_memory_dependency": [0.0, 0.96127863], "executed_ipc": [0.010014, 3.372016], "flop_count_hp_add": [0.0, 0.0], "sysmem_utilization": [0.1, 0.30000000000000004], "l2_write_transactions": [13.0, 56893893.0], "l2_read_transactions": [16.0, 1671645380.0], "l2_tex_write_transactions": [0.0, 56882630.0], "sysmem_read_utilization": [0.0, 0.0], "inst_inter_thread_communication": [0.0, 8294400.0], "shared_load_transactions_per_request": [0.0, 21.066964], "atomic_transactions_per_request": [0.0, 5.210042], "local_load_throughput": [0.0, 1567.87876], "ecc_throughput": [0.0, 0.0], "flop_dp_efficiency": [0.0, 0.61919062], "tex_cache_throughput": [0.0, 2719.003707], "sysmem_write_transactions": [5.0, 5.0], "stall_pipe_busy": [0.0, 0.37031831], "inst_fp_32": [0.0, 4349467648.0], "inst_compute_ld_st": [0.0, 88425742654.0], "dram_write_throughput": [0.0, 383.09861], "sm_activity": [0.00359354, 0.9955345900000001], "flop_count_sp": [0.0, 6511611904.0], "l2_utilization": [0.1, 0.6000000000000001], "tex_cache_hit_rate": [0.0, 0.95004778], "inst_replay_overhead": [0.0, 0.444444], "local_hit_rate": [0.0, 0.9936], "tex_fu_utilization": [0.0, 0.9], "l2_write_throughput": [0.0, 670.645386], "l2_tex_write_throughput": [0.0, 670.644455], "atomic_transactions": [0.0, 80413.0], "gld_efficiency": [0.0, 1.0], "l2_tex_write_hit_rate": [0.0, 1.00022397], "shared_store_transactions_per_request": [0.0, 11.033482], "local_memory_overhead": [0.0, 0.96488424], "flop_count_sp_fma": [0.0, 2170536960.0]}