{"inst_control": [1.0, 19773855736.0], "stall_constant_memory_dependency": [1.6000000000000001e-06, 0.8540983600000001], "gst_efficiency": [0.0, 1.0], "inst_fp_64": [0.0, 535650410.0], "local_store_transactions": [0.0, 4751854.0], "stall_not_selected": [0.0, 0.40912171], "global_hit_rate": [0.0, 0.87380002], "stall_exec_dependency": [0.011866540000000002, 0.92938703], "shared_store_transactions": [0.0, 23972099.0], "branch_efficiency": [0.7297148, 1.0], "warp_nonpred_execution_efficiency": [0.03124996, 1.0], "inst_bit_convert": [0.0, 70975488.0], "gst_throughput": [0.0, 112.817623], "sysmem_read_throughput": [0.0, 0.0], "issue_slot_utilization": [0.00225381, 0.84572925], "shared_efficiency": [0.0, 1.8], "shared_load_transactions": [0.0, 27154944.0], "flop_count_dp_fma": [0.0, 404701375.0], "shared_store_throughput": [0.0, 431.281514], "inst_executed": [8.0, 1108190333.0], "achieved_occupancy": [0.0156, 0.9946659999999999], "stall_inst_fetch": [0.00109301, 0.6516898600000001], "dram_read_transactions": [0.0, 30866749.0], "dram_write_transactions": [0.0, 6655938.0], "stall_sync": [0.0, 0.88368308], "gld_transactions_per_request": [0.0, 32.0], "single_precision_fu_utilization": [0.1, 0.8], "gst_requested_throughput": [0.0, 90.070069], "sysmem_write_utilization": [0.1, 0.1], "flop_count_dp_mul": [0.0, 66591523.0], "l2_tex_read_throughput": [0.0, 174.88841], "inst_per_warp": [2.0, 32235074.0], "inst_integer": [0.0, 56757957849.0], "inst_issued": [10.0, 1104424151.0], "ecc_transactions": [0.0, 0.0], "cf_fu_utilization": [0.1, 0.2], "l2_tex_read_hit_rate": [0.0, 1.19519722], "local_store_transactions_per_request": [0.0, 8.0], "special_fu_utilization": [0.0, 0.4], "local_load_transactions_per_request": [0.0, 19.116425], "flop_count_dp": [0.0, 939702716.0], "double_precision_fu_utilization": [0.0, 1.0], "issued_ipc": [0.009015, 3.708617], "gld_transactions": [0.0, 1310066566.0], "shared_load_throughput": [0.0, 950.438902], "ldst_executed": [0.0, 283850384.0], "dram_utilization": [0.0, 0.9], "shared_utilization": [0.0, 1.0], "flop_count_dp_add": [0.0, 94379405.0], "cf_issued": [1.0, 220609193.0], "l2_atomic_throughput": [0.0, 37.366524], "dram_read_throughput": [0.0, 82.921237], "flop_count_sp_mul": [0.0, 2170537984.0], "ldst_issued": [0.0, 1033229613.0], "flop_count_sp_add": [0.0, 1086197760.0], "eligible_warps_per_cycle": [0.009709, 10.155316000000001], "ipc": [0.008105, 3.7044410000000005], "warp_execution_efficiency": [0.03125, 1.0], "issue_slots": [10.0, 1042655015.0], "cf_executed": [1.0, 220609193.0], "ldst_fu_utilization": [0.0, 0.5], "inst_misc": [3.0, 4987105742.0], "gld_requested_throughput": [0.0, 147.828832], "flop_count_sp_special": [0.0, 56186056.0], "l2_tex_read_transactions": [0.0, 529190851.0], "sysmem_write_throughput": [0.0, 0.07724762], "l2_atomic_transactions": [0.0, 196590.0], "sysmem_read_transactions": [0.0, 0.0], "gst_transactions_per_request": [0.0, 32.0], "tex_utilization": [0.0, 1.0], "tex_cache_transactions": [0.0, 1049564436.0], "l2_read_throughput": [0.0, 174.910761], "flop_sp_efficiency": [0.0, 0.54582604], "gst_transactions": [0.0, 56802642.0], "local_load_transactions": [0.0, 12063232.0], "local_store_throughput": [0.0, 145.185739], "gld_throughput": [0.0, 283.836387], "stall_memory_throttle": [0.0, 0.62421706], "stall_other": [0.00014117, 0.62219725], "stall_texture": [0.0, 0.29977950000000003], "stall_memory_dependency": [0.0, 0.95284324], "sysmem_utilization": [0.1, 0.1], "l2_write_transactions": [6.0, 56893898.0], "l2_read_transactions": [23.0, 529576116.0], "l2_tex_write_transactions": [0.0, 56882642.0], "sysmem_read_utilization": [0.0, 0.0], "inst_inter_thread_communication": [0.0, 8294400.0], "shared_load_transactions_per_request": [0.0, 94.645833], "atomic_transactions_per_request": [0.0, 5.349603], "local_load_throughput": [0.0, 366.317108], "ecc_throughput": [0.0, 0.0], "flop_dp_efficiency": [0.0, 0.83326076], "tex_cache_throughput": [0.0, 482.625328], "sysmem_write_transactions": [5.0, 5.0], "stall_pipe_busy": [0.0, 0.60625682], "inst_fp_32": [0.0, 4349467648.0], "inst_compute_ld_st": [0.0, 21237254622.0], "dram_write_throughput": [0.0, 88.832341], "flop_count_sp": [0.0, 6511611904.0], "l2_utilization": [0.1, 0.7000000000000001], "tex_cache_hit_rate": [0.0, 0.95004778], "inst_replay_overhead": [0.0, 0.44444399999999995], "local_hit_rate": [0.0, 0.9936], "tex_fu_utilization": [0.0, 1.0], "l2_write_throughput": [0.0, 152.274035], "l2_tex_write_throughput": [0.0, 152.274035], "atomic_transactions": [0.0, 83039.0], "gld_efficiency": [0.0, 1.0], "sm_efficiency": [0.02870774, 0.99874103], "l2_tex_write_hit_rate": [0.0, 1.0], "shared_store_transactions_per_request": [0.0, 47.822917], "local_memory_overhead": [0.0, 0.96488993], "flop_count_sp_fma": [0.0, 2170536960.0]}